{"position":{"x":11.732145309448243,"y":-2.753925085067749,"z":-4.734678268432617},"lifePoints":100,"credits":200}