{"position":{"x":13.479999542236329,"y":0.969544529914856,"z":-4.734678268432617},"lifePoints":100,"xp":0,"level":1,"credits":200,"scene":""}