{"position":{"x":1.735217571258545,"y":1.4600707292556763,"z":0.0}}